{"Thermal decomposition weight loss": {"FMAE": 0.3770636609952236, "R2": 0.22775579385635703, "accuracy": 0.7900552749633789, "mean_relative_interval_size": 0.28011371208125335}, "Elongation at break": {"FMAE": 0.6725011063909643, "R2": 0.23417524563588155, "accuracy": 0.8252426981925964, "mean_relative_interval_size": 0.2479330602025551}, "Intrinsic viscosity eta": {"FMAE": 0.5434336915097225, "R2": -0.045872075782350974, "accuracy": 0.7158774137496948, "mean_relative_interval_size": 0.3437168527357649}, "Melting temperature": {"FMAE": 0.21486636997958247, "R2": 0.5542641756709423, "accuracy": 0.8174037337303162, "mean_relative_interval_size": 0.3774333551077161}, "Density": {"FMAE": 0.041820575669478714, "R2": 0.6534330170961822, "accuracy": 0.7183544039726257, "mean_relative_interval_size": 0.22087196201485867}, "Glass transition temperature": {"FMAE": 0.19550932102749463, "R2": 0.811062689226357, "accuracy": 0.7802047729492188, "mean_relative_interval_size": 0.23857129586709513}, "Specific volume": {"FMAE": 0.03985944960958323, "R2": 0.7449172822130115, "accuracy": 0.6930379867553711, "mean_relative_interval_size": 0.2008096675441961}, "Tensile modulus": {"FMAE": 0.3098581181213432, "R2": 0.02892883683612102, "accuracy": 0.6783919334411621, "mean_relative_interval_size": 0.3468446186107903}, "Tensile stress strength at break": {"FMAE": 0.24293340499203364, "R2": 0.2023033001612653, "accuracy": 0.817307710647583, "mean_relative_interval_size": 0.38479866872307006}, "Thermal decomposition temperature": {"FMAE": 0.12393032667405918, "R2": 0.42830200766344184, "accuracy": 0.8097731471061707, "mean_relative_interval_size": 0.4497174128499291}}